[
  {
    "soal": "Hewan, hewan apa yang perut, kepala, mata, bahkan kakinya di kepala?",
    "jawaban": "Kutu"
  },
  {
    "soal": "Sebutkan 4 nama buah dalam satu detik?",
    "jawaban": "Rujak"
  },
  {
    "soal": "Bis apa yang bisa dimakan?",
    "jawaban": "Biskuit"
  },
  {
    "soal": "Dari atas sampai bawah rasanya sama?",
    "jawaban": "Toge"
  },
  {
    "soal": "Bisa di pegang gak bisa diliat?",
    "jawaban": "Kuping"
  },
  {
    "soal": "Di kupas kulitnya ada bijinya, digigit bijinya ada batangnya apa coba?",
    "jawaban": "Jagung"
  },
  {
    "soal": "Lahir di arab, besar di arab, tabi ngga bisa bahasa arab, apa hayo?",
    "jawaban": "Unta"
  },
  {
    "soal": "Ban apa yang enak dimakan?",
    "jawaban": "Bandeng"
  },
  {
    "soal": "Buah apa yang selalu membuat kita waspada?",
    "jawaban": "Buahaya"
  },
  {
    "soal": "Nyarinya susah, setelah dapet dibuang, apaan?",
    "jawaban": "Upil"
  },
  {
    "soal": "Binatang apa yang gak pernah rugi?",
    "jawaban": "Laba-laba"
  },
  {
    "soal": "Gajah apa yang belalainya pendek?",
    "jawaban": "Gajah pesek"
  },
  {
    "soal": "Sapi, sapi apa yang bisa nulis?",
    "jawaban": "Sapidol"
  },
  {
    "soal": "Aku punya mata 3, kakiku 1, aku suka berdiri dipinggir jalan, apakah aku?",
    "jawaban": "Lampu merah"
  },
  {
    "soal": "Gimana caranya orang bungkuk tidur?",
    "jawaban": "Merem"
  },
  {
    "soal": "Apa yang bulet kecil item, tapi kalo dipencet keluar orangnya?",
    "jawaban": "Bel rumah"
  },
  {
    "soal": "Apaan yang naik turun dibawah puser?",
    "jawaban": "Resleting"
  },
  {
    "soal": "Hewan apa yang selalu jadi korban pemerasan?",
    "jawaban": "Sapi perah"
  },
  {
    "soal": "Ban apa yang ada diatas tiang?",
    "jawaban": "Bandera"
  },
  {
    "soal": "Nasi apa yang gak pernah basi?",
    "jawaban": "Nasihat"
  },
  {
    "soal": "Benda panjang dan lonjong, huruf awalnya K, huruf akhirnya L, apa hayu?",
    "jawaban": "Kapsul"
  },
  {
    "soal": "Malam apa yang mengerikan?",
    "jawaban": "Malampir"
  },
  {
    "soal": "Punya kepala, punya leher, tidak punya tangan, tidak punya kaki, tetapi dia bisa berdiri?",
    "jawaban": "Botol"
  },
  {
    "soal": "Game apa yang sangat mengerikan?",
    "jawaban": "Gamepa bumi"
  },
  {
    "soal": "Jamu apa yang kalau diminum merusak badan?",
    "jawaban": "Jamuran"
  },
  {
    "soal": "Benda apa yang dimasukin malah keluar lagi?",
    "jawaban": "Kancing baju"
  },
  {
    "soal": "Nenek nenek jatuh di kali, munculnya dimana?",
    "jawaban": "Dikoran"
  },
  {
    "soal": "Orang apa yang masuk botol?",
    "jawaban": "Orang aring"
  },
  {
    "soal": "Kue apa yang tengahnya ga ada rasanya?",
    "jawaban": "Donat"
  },
  {
    "soal": "Kalau dikocok putihnya gak keluar, tapi kalau dipencet malah keluar?",
    "jawaban": "Pasta gigi"
  },
  {
    "soal": "Kutu apa yang paling mengerikan?",
    "jawaban": "Kutukan"
  },
  {
    "soal": "Jika ada lilin dan obor, mana yang sebaiknya dinyalakan dulu agar lebih terang?",
    "jawaban": "Korek api"
  },
  {
    "soal": "Kering tapi basah, apakah itu?",
    "jawaban": "Keringat"
  },
  {
    "soal": "Makanan apa yang nama dan warnanya sama?",
    "jawaban": "Coklat"
  },
  {
    "soal": "Es apa yang suka dinaiki orang?",
    "jawaban": "Eskalator"
  },
  {
    "soal": "Bank apa yang malah rugi?",
    "jawaban": "Bankrut"
  },
  {
    "soal": "Meski sudah dipotong, tapi tetap panjang, apakah itu?",
    "jawaban": "Kacang panjang"
  },
  {
    "soal": "Dianggap bertambah, tetapi nyatanya berkurang, apakah itu?",
    "jawaban": "Umur"
  },
  {
    "soal": "Kereta apa yang tidak bisa menampung orang remaja, dewasa dan orang tua?",
    "jawaban": "Kereta bayi"
  },
  {
    "soal": "Mata apa yang ukurannya sekitar 15 cm?",
    "jawaban": "Mata uang"
  },
  {
    "soal": "Kalau hitam dibilang bersih tetapi jika putih dibilang kotor, apakah itu?",
    "jawaban": "Papan tulis"
  },
  {
    "soal": "Angka itu jumlahnya tak terhingga, tetapi angka apa yang paling tinggi?",
    "jawaban": "Angkasa"
  },
  {
    "soal": "Mobil apa yang hanya bisa dilihat di HP android dan iphone?",
    "jawaban": "Mobile legend"
  },
  {
    "soal": "Bisa melihat tetapi tidak bisa mendengar, apakah itu?",
    "jawaban": "Mata"
  },
  {
    "soal": "Makan gratis, minum gratis bahkan tidur pun juga gratis tapi anehnya tidak ada yang suka, tempat apakah itu?",
    "jawaban": "Penjara"
  },
  {
    "soal": "Ketua apa yang rambutnya putih?",
    "jawaban": "Ketuaan"
  },
  {
    "soal": "Perang apa yang senjatanya lem?",
    "jawaban": "Perangko"
  },
  {
    "soal": "Ular apa yang bisa senam?",
    "jawaban": "Ularaga"
  },
  {
    "soal": "Paku apa yang ditakuti kuda?",
    "jawaban": "Pakusir"
  },
  {
    "soal": "Bulat berwarna, tapi kalau kentut jadi kurus apa itu?",
    "jawaban": "Balon"
  },
  {
    "soal": "Kota apa yang paling menyedihkan?",
    "jawaban": "Kota malang"
  },
  {
    "soal": "Naiknya cepet turunnya lamban?",
    "jawaban": "Ingus"
  },
  {
    "soal": "Tong…. tong apa yang rasanya enak?",
    "jawaban": "Tongseng"
  },
  {
    "soal": "Ban itu isinya udara, tetapi ada ban yang isinya udaranya dingin?",
    "jawaban": "Bandung"
  },
  {
    "soal": "Kota apa yang rasanya pahit?",
    "jawaban": "Pare pare"
  },
  {
    "soal": "Bel apa yang tidak pernah berbunyi dan sangat licin?",
    "jawaban": "Belut"
  },
  {
    "soal": "Singa apa yang sering dikunjungi orang?",
    "jawaban": "Singapore"
  },
  {
    "soal": "Sapi apa yang bisa nempel ditembok?",
    "jawaban": "Sapiderman"
  },
  {
    "soal": "Binatang apa yang paling banyak muridnya?",
    "jawaban": "Kanguru"
  },
  {
    "soal": "Ular apa yang paling digemari anak-anak?",
    "jawaban": "Ular tangga"
  },
  {
    "soal": "Dari atas bisa terbang ke bawah, tetapi sudah sampai ke bawah nggak bisa terbang keatas lagi?",
    "jawaban": "Daun"
  },
  {
    "soal": "Laut apa yang nggak punya nyawa?",
    "jawaban": "Laut mati"
  },
  {
    "soal": "Benda apa yang pertumbuhannya dari panjang jadi pendek?",
    "jawaban": "Pensil"
  },
  {
    "soal": "Mata apa yang malam hari tutup?",
    "jawaban": "Matahari"
  },
  {
    "soal": "Mata apa yang bisa naklukin banteng?",
    "jawaban": "Matador"
  },
  {
    "soal": "Om apa yang pagi siang malam seneng dilaut?",
    "jawaban": "Ombak"
  },
  {
    "soal": "Raja apa yang hobinya terbang?",
    "jawaban": "Rajawali"
  },
  {
    "soal": "Raja apa yang kepalanya sering dipegang?",
    "jawaban": "Raja catur"
  },
  {
    "soal": "Rambut apa yang gak perlu disisir?",
    "jawaban": "Rambutan"
  },
  {
    "soal": "Sapu apa yang bisa dikantongi?",
    "jawaban": "Saputangan"
  },
  {
    "soal": "Selat apa yang tidak dihimpit oleh dua pulau?",
    "jawaban": "Selatan"
  },
  {
    "soal": "Tank apa yang diucapin terakhir kali?",
    "jawaban": "Tank you"
  },
  {
    "soal": "Anak apa yang larinya cepet?",
    "jawaban": "Anak panah"
  },
  {
    "soal": "Awan apa yang nggak ada dilangit, nggak nurunin hujan, malah bikin orang jengkel?",
    "jawaban": "Sariawan"
  },
  {
    "soal": "Anak, anaknya siapa yang selalu diinjak-injak?",
    "jawaban": "Anak tangga"
  },
  {
    "soal": "Tangga apa yang nggak bisa ndinaiki?",
    "jawaban": "Tangga nada"
  },
  {
    "soal": "Bibir apa yang nyeremin?",
    "jawaban": "Bibir jurang"
  },
  {
    "soal": "Kerjanya keliling terus setiap hari, tidak pernah capek, siapakah dia?",
    "jawaban": "Jarum jam"
  },
  {
    "soal": "Mandi apa yang nggak bikin badan basah?",
    "jawaban": "Mandi bola"
  },
  {
    "soal": "Siapa yang hanya punya ‘HAK’ tapi tidak punya ‘Kejwajiban’?",
    "jawaban": "Sepatu"
  },
  {
    "soal": "Bulan apa yang tidak tercantum di kalender?",
    "jawaban": "Bulan madu"
  },
  {
    "soal": "Dia bisa menolong orang dalam kegelapan, tapi dia malah mengorbankan diri pelan-pelan, siapakah dia?",
    "jawaban": "Lilin"
  },
  {
    "soal": "Makin diisi, makin ringan, apa hayu?",
    "jawaban": "Balon gas"
  },
  {
    "soal": "Hakim apa yang tugasnya bukan di pengadilan?",
    "jawaban": "Hakim garis"
  },
  {
    "soal": "Hewan apa yang sering menerima kesalahan orang lain?",
    "jawaban": "Kambing hitam"
  },
  {
    "soal": "Nama anak yang paling panjang sedunia?",
    "jawaban": "Anak sungai"
  },
  {
    "soal": "Kecil, kurus, tapi banyak dagingnya, apa hayu?",
    "jawaban": "Sate"
  },
  {
    "soal": "Masuk kering, keluar lengket, apa hayu?",
    "jawaban": "Permen karet"
  },
  {
    "soal": "Barang apa yang justru berguna kalo udah pecah?",
    "jawaban": "Telur"
  },
  {
    "soal": "Apa arti pribahasa ‘sambil menyelam minum air’?",
    "jawaban": "Tenggelam"
  },
  {
    "soal": "Ibu apa yang kalo berdiri bikin orang tersanjung?",
    "jawaban": "Ibu jari"
  },
  {
    "soal": "Warna dan buah apa yang disukai wanita?",
    "jawaban": "Merah jambu"
  },
  {
    "soal": "Kabar apa sebesar gajah tetapi beratnya 0 kg?",
    "jawaban": "Kabar burung"
  },
  {
    "soal": "Benda apa keluar ketika diputar?",
    "jawaban": "Lipstik"
  },
  {
    "soal": "Kepalanya merah, jalannya mundur, tapi bukan undur-undur?",
    "jawaban": "Obat nyamuk"
  },
  {
    "soal": "Bunga-bunga apa yang paling mahal?",
    "jawaban": "Bungalow"
  },
  {
    "soal": "Apa yang sebesar gajah tetapi beratnya 0 kg?",
    "jawaban": "Bayangan gajah"
  },
  {
    "soal": "Kebo apa yang bikin capek hayo?",
    "jawaban": "Kebogor"
  },
  {
    "soal": "Bagaimana caranya menghilangkan bau pete dimulut?",
    "jawaban": "Makan jengkol"
  },
  {
    "soal": "Apa yang dipunyai kucing tapi tidak dipunyai hewan laen?",
    "jawaban": "Anak kucing"
  },
  {
    "soal": "Kera apa yang bisa masuk botol",
    "jawaban": "Keratingdaeng"
  },
  {
    "soal": "Kemana-mana selalu berlima, tapi yang masuk cuman satu apa hayo?",
    "jawaban": "Ngupil"
  },
  {
    "soal": "Kota apa yang nilainya selalu tujuh?",
    "jawaban": "Salatiga"
  },
  {
    "soal": "Bola apa yang mirip sama kucing?",
    "jawaban": "Bolaemon"
  },
  {
    "soal": "Hewan apa yang bersaudara?",
    "jawaban": "Katak beradik"
  },
  {
    "soal": "Salah apa yang nggak pernah dihukum tapi rasanya sakit banget?",
    "jawaban": "Salah urat"
  },
  {
    "soal": "Bel apa yang kalo dipencet bisa melukai?",
    "jawaban": "Beling"
  },
  {
    "soal": "Kopi apa yang nggak bisa diminum?",
    "jawaban": "Kopiah"
  },
  {
    "soal": "Kecoa apa yang masuk rumah sakit?",
    "jawaban": "Kecoalakaan"
  },
  {
    "soal": "Kadal, kadal apa yang bikin sakit perut?",
    "jawaban": "Kadaluarsa"
  },
  {
    "soal": "Apa bahasa arabnya nenek-nenek jatuh dari lantai 10?",
    "jawaban": "Almarhum"
  },
  {
    "soal": "Kenapa orang suka berkhayal?",
    "jawaban": "Karena gratis"
  },
  {
    "soal": "Sate apa yang bisa terbang?",
    "jawaban": "Satelit"
  },
  {
    "soal": "Sapi apa yang larinya kenceng dan bisa ngerem?",
    "jawaban": "Sapida motor"
  },
  {
    "soal": "Tukang apa yang kalo berhitung diulang-ulang?",
    "jawaban": "Tukang foto"
  },
  {
    "soal": "Pedas dibalik jadi sedap, sup dibalik jadi apa?",
    "jawaban": "Tumpah"
  },
  {
    "soal": "Ikan apa yang walau sudah diair diam saja?",
    "jawaban": "Ikan goreng"
  },
  {
    "soal": "Negara apa yang namanya mirip nama perempuan?",
    "jawaban": "Yunani"
  },
  {
    "soal": "Kelapa apa yang bikin badan kurus?",
    "jawaban": "Kelaparan"
  },
  {
    "soal": "Menarik apa yang nggak butuh tali atau tambang?",
    "jawaban": "Menarik nafas"
  },
  {
    "soal": "Sungai apa di Jakarta yang alirannya deres?",
    "jawaban": "Kalideres"
  },
  {
    "soal": "Dia nggak bisa bergerak, tapi bisa naik bisa turun. Apakah itu?",
    "jawaban": "Jalan"
  },
  {
    "soal": "Ayam apa yang nggak takut sama harimau?",
    "jawaban": "Ayam nekad"
  },
  {
    "soal": "Kepala kepiting adanya dimana?",
    "jawaban": "Diketek"
  },
  {
    "soal": "Gigi apa yang nggak bisa ngunyah?",
    "jawaban": "Gigi motor"
  },
  {
    "soal": "Kota apa yang nggak pernah sendiri?",
    "jawaban": "Samarinda"
  },
  {
    "soal": "Hidup diatas, matipun diatas. Apakah itu?",
    "jawaban": "Lampu bohlam"
  },
  {
    "soal": "Negara apa yang paling pedas?",
    "jawaban": "Chili"
  },
  {
    "soal": "Yang dibeli tidak pakai barang itu, dan yang pakai tidak tahu barang itu. Apakah itu?",
    "jawaban": "Peti mati"
  },
  {
    "soal": "Es apa yang ditunggu-tunggu banyak orang?",
    "jawaban": "Esok hari"
  },
  {
    "soal": "Pulau apa yang disukai lebah?",
    "jawaban": "Madura"
  },
  {
    "soal": "Sabun apa yang genit?",
    "jawaban": "Sabun colek"
  },
  {
    "soal": "Bola apa yang bikin kita bingung?",
    "jawaban": "Bolak-balik"
  },
  {
    "soal": "Ban apa yang ganas larinya?",
    "jawaban": "Banteng"
  },
  {
    "soal": "Hewan apa yang punya kelamin lebih dari satu?",
    "jawaban": "Barongsai"
  },
  {
    "soal": "Hewan apa yang suka pindah rumah?",
    "jawaban": "Siput"
  },
  {
    "soal": "Bulu apa yang berat sekali?",
    "jawaban": "Bu Lurah"
  },
  {
    "soal": "Apa yang pantatnya selalu dihisap?",
    "jawaban": "Rokok"
  },
  {
    "soal": "Gajah mati meninggalkan gading, harimau mati meninggalkan belang, manusia mati meninggalkan?",
    "jawaban": "Hutang"
  },
  {
    "soal": "Cuman goyang-goyang kaki dapat duit. Siapakah dia?",
    "jawaban": "Tukang jahit"
  },
  {
    "soal": "Cuman kipas-kipas tapi dapat duit. Siapakah dia?",
    "jawaban": "Tukang sate"
  },
  {
    "soal": "Jam apa yang sering dipakai dukun?",
    "jawaban": "Jampi-jampi"
  },
  {
    "soal": "Binatang apa yang paling banyak lewat di jalan raya?",
    "jawaban": "Kijang"
  },
  {
    "soal": "Binatang apa yang kalo dikasih obat malah mati?",
    "jawaban": "Nyamuk"
  },
  {
    "soal": "Monyet apa yang berlari-lari di lapangan?",
    "jawaban": "Monyetak gol"
  },
  {
    "soal": "Air apa yang perlu digetok?",
    "jawaban": "Air keras"
  },
  {
    "soal": "Pisau apa yang tidak bisa memotong?",
    "jawaban": "Pisau cukur"
  },
  {
    "soal": "Kalu dia duduk malah lebih tinggi dari pada saat dia berdiri?",
    "jawaban": "Kucing duduk"
  },
  {
    "soal": "Masuknya hijau, keluarnya merah. Apa hayu?",
    "jawaban": "Sirih"
  },
  {
    "soal": "Dokter apa yang tidak boleh jatuh cinta pada pasiennya?",
    "jawaban": "Dokter hewan"
  },
  {
    "soal": "Bunga apa yang paling disuka cewek?",
    "jawaban": "Bunga bank"
  },
  {
    "soal": "Ciuman sayang di kening, ciuman cinta di pipi, ciuman panas di..?",
    "jawaban": "Dikompor"
  },
  {
    "soal": "Kera apa yang paling besar se-jawa barat?",
    "jawaban": "Kerawang"
  },
  {
    "soal": "Kera apa yang bersaudara?",
    "jawaban": "Kerabat"
  },
  {
    "soal": "Bentuknya kotak, dipegang empuk, dan bisa dimakan. Apa hayu?",
    "jawaban": "Tahu"
  },
  {
    "soal": "Panjang, berbulu, kalo dimasukin harus pelan-pelan, kalau tidak nanti berdarah. Apa hayu?",
    "jawaban": "Sikat gigi"
  },
  {
    "soal": "Seribu dibagi dua, jadi?",
    "jawaban": "Sobek"
  },
  {
    "soal": "Apa yang dilakukan polisi ditengah jalan?",
    "jawaban": "Tidur"
  },
  {
    "soal": "Siapa menteri kebersihan china?",
    "jawaban": "Kemo Cheng"
  },
  {
    "soal": "Berdiri sama tinggi, duduk sama rendah, berlari sama …?",
    "jawaban": "Capeknya"
  },
  {
    "soal": "Kota apa yang selalu minta perhiasan sama ibunya?",
    "jawaban": "Magelang"
  },
  {
    "soal": "Apa yang selalu jauh di mata dekat di hati?",
    "jawaban": "Paru paru"
  },
  {
    "soal": "Yang beli nggak pakai, yang pakai tidak beli, yang jual nggak mau pakai?",
    "jawaban": "Kain kafan"
  },
  {
    "soal": "Tanah apa yang tidak bisa diwariskan?",
    "jawaban": "Tanah abang"
  },
  {
    "soal": "Bis apa yang menyesatkan?",
    "jawaban": "Bisikan setan"
  },
  {
    "soal": "Makan apa yang nggak bakal bikin kenyang?",
    "jawaban": "Makan waktu"
  },
  {
    "soal": "Surat apa yang tidak pernah dibalas oleh pembacanya?",
    "jawaban": "Surat kabar"
  },
  {
    "soal": "Hari apa yang nggak sempit?",
    "jawaban": "Hari Lebaran"
  },
  {
    "soal": "Bentuknya lingkaran, ada kacangnya ditengah-tengah, bisa dijilat, huruf depannya M huruf belakangnya K. Apa hayu?",
    "jawaban": "Martabak"
  },
  {
    "soal": "Oleh-oleh apa yang dibawa kakek saat pulang dari berendam dilaut?",
    "jawaban": "Telor asin"
  },
  {
    "soal": "Ayam apa yang selalu dicari orang?",
    "jawaban": "Ayam hilang"
  },
  {
    "soal": "Orang apa yang berenang tapi rambutnya tidak basah?",
    "jawaban": "Orang botak"
  },
  {
    "soal": "Barang apa yang kalo perlu dibuang, kalo sudah nggak perlu malah diambil?",
    "jawaban": "Jangkar kapal"
  },
  {
    "soal": "Negara apa yang doyannya minum?",
    "jawaban": "Australia"
  },
  {
    "soal": "Buah apa yang nggak bisa dipetik?",
    "jawaban": "Buah jatuh"
  },
  {
    "soal": "Apa bahasa inggrisnya harimau yang jago main golf?",
    "jawaban": "Tiger wood"
  },
  {
    "soal": "Sebutkan makanan ala anak punk",
    "jawaban": "Punksit"
  },
  {
    "soal": "Sebutkan tempat mangkal anak punk",
    "jawaban": "Punkalan ojek"
  },
  {
    "soal": "Shampoo apa yang bisa mengeluarkan asap?",
    "jawaban": "Shampoorna hijau"
  },
  {
    "soal": "Suku apa yang suka berjaga-jaga tiap malam?",
    "jawaban": "Sukuriti"
  },
  {
    "soal": "Tari apa yang paling menakutkan?",
    "jawaban": "Taring harimau"
  },
  {
    "soal": "Tari apa yang gerakannya tidak usah dipelajari?",
    "jawaban": "Tarik nafas"
  },
  {
    "soal": "Telor apa yang paling keras?",
    "jawaban": "Telortoar"
  },
  {
    "soal": "Tempe apa yang menyakitkan?",
    "jawaban": "Tempeleng"
  },
  {
    "soal": "Tempe apa yang tidak bisa dimakan?",
    "jawaban": "Temperatur"
  },
  {
    "soal": "Tong apa yang tidak bisa buat nyimpen krupuk?",
    "jawaban": "Tongkat"
  },
  {
    "soal": "Apa bahasa arabnya diam ditempat?",
    "jawaban": "Takabur"
  },
  {
    "soal": "Mata apa yang nggak bisa pakai kacamata?",
    "jawaban": "Mata kaki"
  },
  {
    "soal": "Mi apa yang paling banyak di terminal?",
    "jawaban": "Mikrolet"
  },
  {
    "soal": "Nada apa yang punya pangkat?",
    "jawaban": "Nada mayor"
  },
  {
    "soal": "Nasi apa yang nggak bisa hilang?",
    "jawaban": "Nasionalisme"
  },
  {
    "soal": "Panci apa yang bisa dipakai buat nangkep ikan?",
    "jawaban": "Pancing ikan"
  },
  {
    "soal": "Resep apa yang dibayar harian?",
    "jawaban": "Resepsionis"
  },
  {
    "soal": "Sambal yang berbahaya?",
    "jawaban": "Kesambal petir"
  },
  {
    "soal": "Kasur apa yang tidak bisa ditidurin?",
    "jawaban": "Kasurupan"
  },
  {
    "soal": "Kencan apa yang paling menyakitkan?",
    "jawaban": "Kencantol kawat"
  },
  {
    "soal": "Ketan apa yang menyakitkan?",
    "jawaban": "Ketancap pisau"
  },
  {
    "soal": "Kirim apa yang masuk penjara?",
    "jawaban": "Kiriminal"
  },
  {
    "soal": "Kue apa yang asem?",
    "jawaban": "Kuetek"
  },
  {
    "soal": "Kunci apa yang sering ditaruh dikepala?",
    "jawaban": "Kuncir rambut"
  }
]
