
{"noiseKey":{"private":{"type":"Buffer","data":"IDsADwkkYWFSv6cLIinupjR4cslwQdITo4qGicMBakA="},"public":{"type":"Buffer","data":"QSazQklKE5iQRnUsfDxBkP8rxJOpGp9wBbsYFLrkEBs="}},"pairingEphemeralKeyPair":{"private":{"type":"Buffer","data":"4L76omhQ2oMukyJ52mnzqsM8WAlEGJc6PHPP5i/teGU="},"public":{"type":"Buffer","data":"ve9PMfFbD8d+SGS3Uf6htghPP8fkhgRx2O8EZvtnoVg="}},"signedIdentityKey":{"private":{"type":"Buffer","data":"sKcHh5jQH/EUaJAPMD8egoO84q/2Cl7qnV7HDjEs220="},"public":{"type":"Buffer","data":"6Z7ufjOsBahZxA1KMkDo164LYFzjdneW1fAZkg7E7kc="}},"signedPreKey":{"keyPair":{"private":{"type":"Buffer","data":"2OqlCW5SXNG0Xz65UzhAuTjyI4csZUR4BQjeGDrKGEs="},"public":{"type":"Buffer","data":"DlV+Yh0qSdk7Fyoc7ZvR2nzgfald8f10r4rqav6WIF4="}},"signature":{"type":"Buffer","data":"1PQ2cNNqu1hUiy9wo2HAeNj2eMqFvniJptgvOwvEUA4MsxS6m84N+PNmhhdfXwTj4ahkzzUHAl5GhXserNZ7iA=="},"keyId":1},"registrationId":224,"advSecretKey":"sz9bR+cX2c+mqeGtpxl7hCIDt0kVti66Cf+OV9G5geU=","processedHistoryMessages":[],"nextPreKeyId":65,"firstUnuploadedPreKeyId":65,"accountSyncCounter":0,"accountSettings":{"unarchiveChats":false},"deviceId":"thu1CLMkSsWoobyCmlg8bQ","phoneId":"c99640e8-3054-477a-ba31-df90c58cb7e7","identityId":{"type":"Buffer","data":"fNxP8slM05zYm8A3XB3kN0TEOi4="},"registered":true,"backupToken":{"type":"Buffer","data":"bOLWxotHk17HfIx+BbUnrGzmEao="},"registration":{},"pairingCode":"V12NXW2Y","me":{"id":"255734980103:36@s.whatsapp.net","name":"Lazack_28","lid":"240831986442398:36@lid"},"account":{"details":"CNLDtcQDEJLrp7sGGA4gACgA","accountSignatureKey":"jIRfaMxd3qZBvGxMdPwfrgc8o74bUswAsjZgjdkDnjU=","accountSignature":"Zybt5GjBeVcVlJje2hdjNhZBlk+5H5K3PAHQ8EBTYDZ7hgIztv3JovIVvFAdNI9A4sMbVx0rmLtePGWQz5o4DQ==","deviceSignature":"JQoxzcBPp/4As+AKayoKPV7spO3X8SFulo7oPuuZwfhhbnEZsK5zRcn9NF6f6oUFMoIil106l87MzT2JQHp6iA=="},"signalIdentities":[{"identifier":{"name":"255734980103:36@s.whatsapp.net","deviceId":0},"identifierKey":{"type":"Buffer","data":"BYyEX2jMXd6mQbxsTHT8H64HPKO+G1LMALI2YI3ZA541"}}],"platform":"smba","lastAccountSyncTimestamp":1734998004}
